province;red;green;blue;x;x;;;;
1;0;100;0;;;;
2;0;110;0;;;;
3;0;120;0;;;;
4;0;130;0;;;;
5;0;140;0;;;;
6;0;150;0;;;;
7;0;160;0;;;;
8;0;170;0;;;;
9;0;180;0;;;;
10;0;190;0;;;;
11;0;200;0;;;;
12;5;100;0;;;;
13;5;110;0;;;;
14;5;120;0;;;;
15;5;130;0;;;;
16;5;140;0;;;;
17;5;150;0;;;;
18;5;160;0;;;;
19;5;170;0;;;;
20;5;180;0;;;;
21;5;190;0;;;;
22;5;200;0;;;;
23;10;100;0;;;;
24;10;110;0;;;;
25;10;120;0;;;;
26;10;130;0;;;;
27;10;140;0;;;;
28;10;150;0;;;;
29;10;160;0;;;;
30;10;170;0;;;;
31;10;180;0;;;;
32;10;190;0;;;;
33;10;200;0;;;;
34;15;100;0;;;;
35;15;110;0;;;;
36;15;120;0;;;;
37;15;130;0;;;;
38;15;140;0;;;;
39;15;150;0;;;;
40;15;160;0;;;;
41;15;170;0;;;;
42;15;180;0;;;;
43;15;190;0;;;;
44;15;200;0;;;;
45;20;100;0;;;;
46;20;110;0;;;;
47;20;120;0;;;;
48;20;130;0;;;;
49;20;140;0;;;;
50;20;150;0;;;;
51;20;160;0;;;;
52;20;170;0;;;;
53;20;180;0;;;;
54;20;190;0;;;;
55;20;200;0;;;;
56;25;100;0;;;;
57;25;110;0;;;;
58;25;120;0;;;;
59;25;130;0;;;;
60;25;140;0;;;;
61;25;150;0;;;;
62;25;160;0;;;;
63;25;170;0;;;;
64;25;180;0;;;;
65;25;190;0;;;;
66;25;200;0;;;;
67;30;100;0;;;;
68;30;110;0;;;;
69;30;120;0;;;;
70;30;130;0;;;;
71;30;140;0;;;;
72;30;150;0;;;;
73;30;160;0;;;;
74;30;170;0;;;;
75;30;180;0;;;;
76;30;190;0;;;;
77;30;200;0;;;;
78;35;100;0;;;;
79;35;110;0;;;;
80;35;120;0;;;;
81;35;130;0;;;;
82;35;140;0;;;;
83;35;150;0;;;;
84;35;160;0;;;;
85;35;170;0;;;;
86;35;180;0;;;;
87;35;190;0;;;;
88;35;200;0;;;;
89;40;100;0;;;;
90;40;110;0;;;;
91;40;120;0;;;;
92;40;130;0;;;;
93;40;140;0;;;;
94;40;150;0;;;;
95;40;160;0;;;;
96;40;170;0;;;;
97;40;180;0;;;;
98;40;190;0;;;;
99;40;200;0;;;;
100;45;100;0;;;;
101;45;110;0;;;;
102;45;120;0;;;;
103;45;130;0;;;;
104;45;140;0;;;;
105;45;150;0;;;;
106;45;160;0;;;;
107;45;170;0;;;;
108;45;180;0;;;;
109;45;190;0;;;;
110;45;200;0;;;;
111;50;100;0;;;;
112;50;110;0;;;;
113;50;120;0;;;;
114;50;130;0;;;;
115;50;140;0;;;;
116;50;150;0;;;;
117;50;160;0;;;;
118;50;170;0;;;;
119;50;180;0;;;;
120;50;190;0;;;;
121;50;200;0;;;;
122;55;100;0;;;;
123;55;110;0;;;;
124;55;120;0;;;;
125;55;130;0;;;;
126;55;140;0;;;;
127;55;150;0;;;;
128;55;160;0;;;;
129;55;170;0;;;;
130;55;180;0;;;;
131;55;190;0;;;;
132;55;200;0;;;;
133;60;100;0;;;;
134;60;110;0;;;;
135;60;120;0;;;;
136;60;130;0;;;;
137;60;140;0;;;;
138;60;150;0;;;;
139;60;160;0;;;;
140;60;170;0;;;;
141;60;180;0;;;;
142;60;190;0;;;;
143;60;200;0;;;;
144;65;100;0;;;;
145;65;110;0;;;;
146;65;120;0;;;;
147;65;130;0;;;;
148;65;140;0;;;;
149;65;150;0;;;;
150;65;160;0;;;;
151;65;170;0;;;;
152;65;180;0;;;;
153;65;190;0;;;;
154;65;200;0;;;;
155;70;100;0;;;;
156;70;110;0;;;;
157;70;120;0;;;;
158;70;130;0;;;;
159;70;140;0;;;;
160;70;150;0;;;;
161;70;160;0;;;;
162;70;170;0;;;;
163;70;180;0;;;;
164;70;190;0;;;;
165;70;200;0;;;;
166;75;100;0;;;;
167;75;110;0;;;;
168;75;120;0;;;;
169;75;130;0;;;;
170;75;140;0;;;;
171;75;150;0;;;;
172;75;160;0;;;;
173;75;170;0;;;;
174;75;180;0;;;;
175;75;190;0;;;;
176;75;200;0;;;;
177;80;100;0;;;;
178;80;110;0;;;;
179;80;120;0;;;;
180;80;130;0;;;;
181;80;140;0;;;;
182;80;150;0;;;;
183;80;160;0;;;;
184;80;170;0;;;;
185;80;180;0;;;;
186;80;190;0;;;;
187;80;200;0;;;;
188;85;100;0;;;;
189;85;110;0;;;;
190;85;120;0;;;;
191;85;130;0;;;;
192;85;140;0;;;;
193;85;150;0;;;;
194;85;160;0;;;;
195;85;170;0;;;;
196;85;180;0;;;;
197;85;190;0;;;;
198;85;200;0;;;;
199;90;100;0;;;;
200;90;110;0;;;;
201;90;120;0;;;;
202;90;130;0;;;;
203;90;140;0;;;;
204;90;150;0;;;;
205;90;160;0;;;;
206;90;170;0;;;;
207;90;180;0;;;;
208;90;190;0;;;;
209;90;200;0;;;;
210;95;100;0;;;;
211;95;110;0;;;;
212;95;120;0;;;;
213;95;130;0;;;;
214;95;140;0;;;;
215;95;150;0;;;;
216;95;160;0;;;;
217;95;170;0;;;;
218;95;180;0;;;;
219;95;190;0;;;;
220;95;200;0;;;;
221;100;100;0;;;;
222;100;110;0;;;;
223;100;120;0;;;;
224;100;130;0;;;;
225;100;140;0;;;;
226;100;150;0;;;;
227;100;160;0;;;;
228;100;170;0;;;;
229;100;180;0;;;;
230;100;190;0;;;;
231;100;200;0;;;;
232;0;100;5;;;;
233;0;110;5;;;;
234;0;120;5;;;;
235;0;130;5;;;;
236;0;140;5;;;;
237;0;150;5;;;;
238;0;160;5;;;;
239;0;170;5;;;;
240;0;180;5;;;;
241;0;190;5;;;;
242;0;200;5;;;;
243;5;100;5;;;;
244;5;110;5;;;;
245;5;120;5;;;;
246;5;130;5;;;;
247;5;140;5;;;;
248;5;150;5;;;;
249;5;160;5;;;;
250;5;170;5;;;;
251;5;180;5;;;;
252;5;190;5;;;;
253;5;200;5;;;;
254;10;100;5;;;;
255;10;110;5;;;;
256;10;120;5;;;;
257;10;130;5;;;;
258;10;140;5;;;;
259;10;150;5;;;;
260;10;160;5;;;;
261;10;170;5;;;;
262;10;180;5;;;;
263;10;190;5;;;;
264;10;200;5;;;;
265;15;100;5;;;;
266;15;110;5;;;;
267;15;120;5;;;;
268;15;130;5;;;;
269;15;140;5;;;;
270;15;150;5;;;;
271;15;160;5;;;;
272;15;170;5;;;;
273;15;180;5;;;;
274;15;190;5;;;;
275;15;200;5;;;;
276;20;100;5;;;;
277;20;110;5;;;;
278;20;120;5;;;;
279;20;130;5;;;;
280;20;140;5;;;;
281;20;150;5;;;;
282;20;160;5;;;;
283;20;170;5;;;;
284;20;180;5;;;;
285;20;190;5;;;;
286;20;200;5;;;;
287;25;100;5;;;;
288;25;110;5;;;;
289;25;120;5;;;;
290;25;130;5;;;;
291;25;140;5;;;;
292;25;150;5;;;;
293;25;160;5;;;;
294;25;170;5;;;;
295;25;180;5;;;;
296;25;190;5;;;;
297;25;200;5;;;;
298;30;100;5;;;;
299;30;110;5;;;;
300;30;120;5;;;;
301;30;130;5;;;;
302;30;140;5;;;;
303;30;150;5;;;;
304;30;160;5;;;;
305;30;170;5;;;;
306;30;180;5;;;;
307;30;190;5;;;;
308;30;200;5;;;;
309;35;100;5;;;;
310;35;110;5;;;;
311;35;120;5;;;;
312;35;130;5;;;;
313;35;140;5;;;;
314;35;150;5;;;;
315;35;160;5;;;;
316;35;170;5;;;;
317;35;180;5;;;;
318;35;190;5;;;;
319;35;200;5;;;;
320;40;100;5;;;;
321;40;110;5;;;;
322;40;120;5;;;;
323;40;130;5;;;;
324;40;140;5;;;;
325;40;150;5;;;;
326;40;160;5;;;;
327;40;170;5;;;;
328;40;180;5;;;;
329;40;190;5;;;;
330;40;200;5;;;;
331;45;100;5;;;;
332;45;110;5;;;;
333;45;120;5;;;;
334;45;130;5;;;;
335;45;140;5;;;;
336;45;150;5;;;;
337;45;160;5;;;;
338;45;170;5;;;;
339;45;180;5;;;;
340;45;190;5;;;;
341;45;200;5;;;;
342;50;100;5;;;;
343;50;110;5;;;;
344;50;120;5;;;;
345;50;130;5;;;;
346;50;140;5;;;;
347;50;150;5;;;;
348;50;160;5;;;;
349;50;170;5;;;;
350;50;180;5;;;;
351;50;190;5;;;;
352;50;200;5;;;;
353;55;100;5;;;;
354;55;110;5;;;;
355;55;120;5;;;;
356;55;130;5;;;;
357;55;140;5;;;;
358;55;150;5;;;;
359;55;160;5;;;;
360;55;170;5;;;;
361;55;180;5;;;;
362;55;190;5;;;;
363;55;200;5;;;;
364;60;100;5;;;;
365;60;110;5;;;;
366;60;120;5;;;;
367;60;130;5;;;;
368;60;140;5;;;;
369;60;150;5;;;;
370;60;160;5;;;;
371;60;170;5;;;;
372;60;180;5;;;;
373;60;190;5;;;;
374;60;200;5;;;;
375;65;100;5;;;;
376;65;110;5;;;;
377;65;120;5;;;;
378;65;130;5;;;;
379;65;140;5;;;;
380;65;150;5;;;;
381;65;160;5;;;;
382;65;170;5;;;;
383;65;180;5;;;;
384;65;190;5;;;;
385;65;200;5;;;;
386;70;100;5;;;;
387;70;110;5;;;;
388;70;120;5;;;;
389;70;130;5;;;;
390;70;140;5;;;;
391;70;150;5;;;;
392;70;160;5;;;;
393;70;170;5;;;;
394;70;180;5;;;;
395;70;190;5;;;;
396;70;200;5;;;;
397;75;100;5;;;;
398;75;110;5;;;;
399;75;120;5;;;;
400;75;130;5;;;;
401;75;140;5;;;;
402;75;150;5;;;;
403;75;160;5;;;;
404;75;170;5;;;;
405;75;180;5;;;;
406;75;190;5;;;;
407;75;200;5;;;;
408;80;100;5;;;;
409;80;110;5;;;;
410;80;120;5;;;;
411;80;130;5;;;;
412;80;140;5;;;;
413;80;150;5;;;;
414;80;160;5;;;;
415;80;170;5;;;;
416;80;180;5;;;;
417;80;190;5;;;;
418;80;200;5;;;;
419;85;100;5;;;;
420;85;110;5;;;;
421;85;120;5;;;;
422;85;130;5;;;;
423;85;140;5;;;;
424;85;150;5;;;;
425;85;160;5;;;;
426;85;170;5;;;;
427;85;180;5;;;;
428;85;190;5;;;;
429;85;200;5;;;;
430;90;100;5;;;;
431;90;110;5;;;;
432;90;120;5;;;;
433;90;130;5;;;;
434;90;140;5;;;;
435;90;150;5;;;;
436;90;160;5;;;;
437;90;170;5;;;;
438;90;180;5;;;;
439;90;190;5;;;;
440;90;200;5;;;;
441;95;100;5;;;;
442;95;110;5;;;;
443;95;120;5;;;;
444;95;130;5;;;;
445;95;140;5;;;;
446;95;150;5;;;;
447;95;160;5;;;;
448;95;170;5;;;;
449;95;180;5;;;;
450;95;190;5;;;;
451;95;200;5;;;;
452;100;100;5;;;;
453;100;110;5;;;;
454;100;120;5;;;;
455;100;130;5;;;;
456;100;140;5;;;;
457;100;150;5;;;;
458;100;160;5;;;;
459;100;170;5;;;;
460;100;180;5;;;;
461;100;190;5;;;;
462;100;200;5;;;;
463;0;100;10;;;;
464;0;110;10;;;;
465;0;120;10;;;;
466;0;130;10;;;;
467;0;140;10;;;;
468;0;150;10;;;;
469;0;160;10;;;;
470;0;170;10;;;;
471;0;180;10;;;;
472;0;190;10;;;;
473;0;200;10;;;;
474;5;100;10;;;;
475;5;110;10;;;;
476;5;120;10;;;;
477;5;130;10;;;;
478;5;140;10;;;;
479;5;150;10;;;;
480;5;160;10;;;;
481;5;170;10;;;;
482;5;180;10;;;;
483;5;190;10;;;;
484;5;200;10;;;;
485;10;100;10;;;;
486;10;110;10;;;;
487;10;120;10;;;;
488;10;130;10;;;;
489;10;140;10;;;;
490;10;150;10;;;;
491;10;160;10;;;;
492;10;170;10;;;;
493;10;180;10;;;;
494;10;190;10;;;;
495;10;200;10;;;;
496;15;100;10;;;;
497;15;110;10;;;;
498;15;120;10;;;;
499;15;130;10;;;;
500;15;140;10;;;;
501;15;150;10;;;;
502;15;160;10;;;;
503;15;170;10;;;;
504;15;180;10;;;;
505;15;190;10;;;;
506;15;200;10;;;;
507;20;100;10;;;;
508;20;110;10;;;;
509;20;120;10;;;;
510;20;130;10;;;;
511;20;140;10;;;;
512;20;150;10;;;;
513;20;160;10;;;;
514;20;170;10;;;;
515;20;180;10;;;;
516;20;190;10;;;;
517;20;200;10;;;;
518;25;100;10;;;;
519;25;110;10;;;;
520;25;120;10;;;;
521;25;130;10;;;;
522;25;140;10;;;;
523;25;150;10;;;;
524;25;160;10;;;;
525;25;170;10;;;;
526;25;180;10;;;;
527;25;190;10;;;;
528;25;200;10;;;;
529;30;100;10;;;;
530;30;110;10;;;;
531;30;120;10;;;;
532;30;130;10;;;;
533;30;140;10;;;;
534;30;150;10;;;;
535;30;160;10;;;;
536;30;170;10;;;;
537;30;180;10;;;;
538;30;190;10;;;;
539;30;200;10;;;;
540;35;100;10;;;;
541;35;110;10;;;;
542;35;120;10;;;;
543;35;130;10;;;;
544;35;140;10;;;;
545;35;150;10;;;;
546;35;160;10;;;;
547;35;170;10;;;;
548;35;180;10;;;;
549;35;190;10;;;;
550;35;200;10;;;;
551;40;100;10;;;;
552;40;110;10;;;;
553;40;120;10;;;;
554;40;130;10;;;;
555;40;140;10;;;;
556;40;150;10;;;;
557;40;160;10;;;;
558;40;170;10;;;;
559;40;180;10;;;;
560;40;190;10;;;;
561;40;200;10;;;;
562;45;100;10;;;;
563;45;110;10;;;;
564;45;120;10;;;;
565;45;130;10;;;;
566;45;140;10;;;;
567;45;150;10;;;;
568;45;160;10;;;;
569;45;170;10;;;;
570;45;180;10;;;;
571;45;190;10;;;;
572;45;200;10;;;;
573;50;100;10;;;;
574;50;110;10;;;;
575;50;120;10;;;;
576;50;130;10;;;;
577;50;140;10;;;;
578;50;150;10;;;;
579;50;160;10;;;;
580;50;170;10;;;;
581;50;180;10;;;;
582;50;190;10;;;;
583;50;200;10;;;;
584;55;100;10;;;;
585;55;110;10;;;;
586;55;120;10;;;;
587;55;130;10;;;;
588;55;140;10;;;;
589;55;150;10;;;;
590;55;160;10;;;;
591;55;170;10;;;;
592;55;180;10;;;;
593;55;190;10;;;;
594;55;200;10;;;;
595;60;100;10;;;;
596;60;110;10;;;;
597;60;120;10;;;;
598;60;130;10;;;;
599;60;140;10;;;;
600;60;150;10;;;;
601;60;160;10;;;;
602;60;170;10;;;;
603;60;180;10;;;;
604;60;190;10;;;;
605;60;200;10;;;;
606;65;100;10;;;;
607;65;110;10;;;;
608;65;120;10;;;;
609;65;130;10;;;;
610;65;140;10;;;;
611;65;150;10;;;;
612;65;160;10;;;;
613;65;170;10;;;;
614;65;180;10;;;;
615;65;190;10;;;;
616;65;200;10;;;;
617;70;100;10;;;;
618;70;110;10;;;;
619;70;120;10;;;;
620;70;130;10;;;;
621;70;140;10;;;;
622;70;150;10;;;;
623;70;160;10;;;;
624;70;170;10;;;;
625;70;180;10;;;;
626;70;190;10;;;;
627;70;200;10;;;;
628;75;100;10;;;;
629;75;110;10;;;;
630;75;120;10;;;;
631;75;130;10;;;;
632;75;140;10;;;;
633;75;150;10;;;;
634;75;160;10;;;;
635;75;170;10;;;;
636;75;180;10;;;;
637;75;190;10;;;;
638;75;200;10;;;;
639;80;100;10;;;;
640;80;110;10;;;;
641;80;120;10;;;;
642;80;130;10;;;;
643;80;140;10;;;;
644;80;150;10;;;;
645;80;160;10;;;;
646;80;170;10;;;;
647;80;180;10;;;;
648;80;190;10;;;;
649;80;200;10;;;;
650;85;100;10;;;;
651;85;110;10;;;;
652;85;120;10;;;;
653;85;130;10;;;;
654;85;140;10;;;;
655;85;150;10;;;;
656;85;160;10;;;;
657;85;170;10;;;;
658;85;180;10;;;;
659;85;190;10;;;;
660;85;200;10;;;;
661;90;100;10;;;;
662;90;110;10;;;;
663;90;120;10;;;;
664;90;130;10;;;;
665;90;140;10;;;;
666;90;150;10;;;;
667;90;160;10;;;;
668;90;170;10;;;;
669;90;180;10;;;;
670;90;190;10;;;;
671;90;200;10;;;;
672;95;100;10;;;;
673;95;110;10;;;;
674;95;120;10;;;;
675;95;130;10;;;;
676;95;140;10;;;;
677;95;150;10;;;;
678;95;160;10;;;;
679;95;170;10;;;;
680;95;180;10;;;;
681;95;190;10;;;;
682;95;200;10;;;;
683;100;100;10;;;;
684;100;110;10;;;;
685;100;120;10;;;;
686;100;130;10;;;;
687;100;140;10;;;;
688;100;150;10;;;;
689;100;160;10;;;;
690;100;170;10;;;;
691;100;180;10;;;;
692;100;190;10;;;;
693;100;200;10;;;;
694;0;100;15;;;;
695;0;110;15;;;;
696;0;120;15;;;;
697;0;130;15;;;;
698;0;140;15;;;;
699;0;150;15;;;;
700;0;160;15;;;;
701;0;170;15;;;;
702;0;180;15;;;;
703;0;190;15;;;;
704;0;200;15;;;;
705;5;100;15;;;;
706;5;110;15;;;;
707;5;120;15;;;;
708;5;130;15;;;;
709;5;140;15;;;;
710;5;150;15;;;;
711;5;160;15;;;;
712;5;170;15;;;;
713;5;180;15;;;;
714;5;190;15;;;;
715;5;200;15;;;;
716;10;100;15;;;;
717;10;110;15;;;;
718;10;120;15;;;;
719;10;130;15;;;;
720;10;140;15;;;;
721;10;150;15;;;;
722;10;160;15;;;;
723;10;170;15;;;;
724;10;180;15;;;;
725;10;190;15;;;;
726;10;200;15;;;;
727;15;100;15;;;;
728;15;110;15;;;;
729;15;120;15;;;;
730;15;130;15;;;;
731;15;140;15;;;;
732;15;150;15;;;;
733;15;160;15;;;;
734;15;170;15;;;;
735;15;180;15;;;;
736;15;190;15;;;;
737;15;200;15;;;;
738;20;100;15;;;;
739;20;110;15;;;;
740;20;120;15;;;;
741;20;130;15;;;;
742;20;140;15;;;;
743;20;150;15;;;;
744;20;160;15;;;;
745;20;170;15;;;;
746;20;180;15;;;;
747;20;190;15;;;;
748;20;200;15;;;;
749;25;100;15;;;;
750;25;110;15;;;;
751;25;120;15;;;;
752;25;130;15;;;;
753;25;140;15;;;;
754;25;150;15;;;;
755;25;160;15;;;;
756;25;170;15;;;;
757;25;180;15;;;;
758;25;190;15;;;;
759;25;200;15;;;;
760;30;100;15;;;;
761;30;110;15;;;;
762;30;120;15;;;;
763;30;130;15;;;;
764;30;140;15;;;;
765;30;150;15;;;;
766;30;160;15;;;;
767;30;170;15;;;;
768;30;180;15;;;;
769;30;190;15;;;;
770;30;200;15;;;;
771;35;100;15;;;;
772;35;110;15;;;;
773;35;120;15;;;;
774;35;130;15;;;;
775;35;140;15;;;;
776;35;150;15;;;;
777;35;160;15;;;;
778;35;170;15;;;;
779;35;180;15;;;;
780;35;190;15;;;;
781;35;200;15;;;;
782;40;100;15;;;;
783;40;110;15;;;;
784;40;120;15;;;;
785;40;130;15;;;;
786;40;140;15;;;;
787;40;150;15;;;;
788;40;160;15;;;;
789;40;170;15;;;;
790;40;180;15;;;;
791;40;190;15;;;;
792;40;200;15;;;;
793;45;100;15;;;;
794;45;110;15;;;;
795;45;120;15;;;;
796;45;130;15;;;;
797;45;140;15;;;;
798;45;150;15;;;;
799;45;160;15;;;;
800;45;170;15;;;;
801;45;180;15;;;;
802;45;190;15;;;;
803;45;200;15;;;;
804;50;100;15;;;;
805;50;110;15;;;;
806;50;120;15;;;;
807;50;130;15;;;;
808;50;140;15;;;;
809;50;150;15;;;;
810;50;160;15;;;;
811;50;170;15;;;;
812;50;180;15;;;;
813;50;190;15;;;;
814;50;200;15;;;;
815;55;100;15;;;;
816;55;110;15;;;;
817;55;120;15;;;;
818;55;130;15;;;;
819;55;140;15;;;;
820;55;150;15;;;;
821;55;160;15;;;;
822;55;170;15;;;;
823;55;180;15;;;;
824;55;190;15;;;;
825;55;200;15;;;;
826;60;100;15;;;;
827;60;110;15;;;;
828;60;120;15;;;;
829;60;130;15;;;;
830;60;140;15;;;;
831;60;150;15;;;;
832;60;160;15;;;;
833;60;170;15;;;;
834;60;180;15;;;;
835;60;190;15;;;;
836;60;200;15;;;;
837;65;100;15;;;;
838;65;110;15;;;;
839;65;120;15;;;;
840;65;130;15;;;;
841;65;140;15;;;;
842;65;150;15;;;;
843;65;160;15;;;;
844;65;170;15;;;;
845;65;180;15;;;;
846;65;190;15;;;;
847;65;200;15;;;;
848;70;100;15;;;;
849;70;110;15;;;;
850;70;120;15;;;;
851;70;130;15;;;;
852;70;140;15;;;;
853;70;150;15;;;;
854;70;160;15;;;;
855;70;170;15;;;;
856;70;180;15;;;;
857;70;190;15;;;;
858;70;200;15;;;;
859;75;100;15;;;;
860;75;110;15;;;;
861;75;120;15;;;;
862;75;130;15;;;;
863;75;140;15;;;;
864;75;150;15;;;;
865;75;160;15;;;;
866;75;170;15;;;;
867;75;180;15;;;;
868;75;190;15;;;;
869;75;200;15;;;;
870;80;100;15;;;;
871;80;110;15;;;;
872;80;120;15;;;;
873;80;130;15;;;;
874;80;140;15;;;;
875;80;150;15;;;;
876;80;160;15;;;;
877;80;170;15;;;;
878;80;180;15;;;;
879;80;190;15;;;;
880;80;200;15;;;;
881;85;100;15;;;;
882;85;110;15;;;;
883;85;120;15;;;;
884;85;130;15;;;;
885;85;140;15;;;;
886;85;150;15;;;;
887;85;160;15;;;;
888;85;170;15;;;;
889;85;180;15;;;;
890;85;190;15;;;;
891;85;200;15;;;;
892;90;100;15;;;;
893;90;110;15;;;;
894;90;120;15;;;;
895;90;130;15;;;;
896;90;140;15;;;;
897;90;150;15;;;;
898;90;160;15;;;;
899;90;170;15;;;;
900;90;180;15;;;;
901;90;190;15;;;;
902;90;200;15;;;;
903;95;100;15;;;;
904;95;110;15;;;;
905;95;120;15;;;;
906;95;130;15;;;;
907;95;140;15;;;;
908;95;150;15;;;;
909;95;160;15;;;;
910;95;170;15;;;;
911;95;180;15;;;;
912;95;190;15;;;;
913;95;200;15;;;;
914;100;100;15;;;;
915;100;110;15;;;;
916;100;120;15;;;;
917;100;130;15;;;;
918;100;140;15;;;;
919;100;150;15;;;;
920;100;160;15;;;;
921;100;170;15;;;;
922;100;180;15;;;;
923;100;190;15;;;;
924;100;200;15;;;;
925;0;100;20;;;;
926;0;110;20;;;;
927;0;120;20;;;;
928;0;130;20;;;;
929;0;140;20;;;;
930;0;150;20;;;;
931;0;160;20;;;;
932;0;170;20;;;;
933;0;180;20;;;;
934;0;190;20;;;;
935;0;200;20;;;;
936;5;100;20;;;;
937;5;110;20;;;;
938;5;120;20;;;;
939;5;130;20;;;;
940;5;140;20;;;;
941;5;150;20;;;;
942;5;160;20;;;;
943;5;170;20;;;;
944;5;180;20;;;;
945;5;190;20;;;;
946;5;200;20;;;;
947;10;100;20;;;;
948;10;110;20;;;;
949;10;120;20;;;;
950;10;130;20;;;;
951;10;140;20;;;;
952;10;150;20;;;;
953;10;160;20;;;;
954;10;170;20;;;;
955;10;180;20;;;;
956;10;190;20;;;;
957;10;200;20;;;;
958;15;100;20;;;;
959;15;110;20;;;;
960;15;120;20;;;;
961;15;130;20;;;;
962;15;140;20;;;;
963;15;150;20;;;;
964;15;160;20;;;;
965;15;170;20;;;;
966;15;180;20;;;;
967;15;190;20;;;;
968;15;200;20;;;;
969;20;100;20;;;;
970;20;110;20;;;;
971;20;120;20;;;;
972;20;130;20;;;;
973;20;140;20;;;;
974;20;150;20;;;;
975;20;160;20;;;;
976;20;170;20;;;;
977;20;180;20;;;;
978;20;190;20;;;;
979;20;200;20;;;;
980;25;100;20;;;;
981;25;110;20;;;;
982;25;120;20;;;;
983;25;130;20;;;;
984;25;140;20;;;;
985;25;150;20;;;;
986;25;160;20;;;;
987;25;170;20;;;;
988;25;180;20;;;;
989;25;190;20;;;;
990;25;200;20;;;;
991;30;100;20;;;;
992;30;110;20;;;;
993;30;120;20;;;;
994;30;130;20;;;;
995;30;140;20;;;;
996;30;150;20;;;;
997;30;160;20;;;;
998;30;170;20;;;;
999;30;180;20;;;;
1000;30;190;20;;;;
1001;30;200;20;;;;
1002;35;100;20;;;;
1003;35;110;20;;;;
1004;35;120;20;;;;
1005;35;130;20;;;;
1006;35;140;20;;;;
1007;35;150;20;;;;
1008;35;160;20;;;;
1009;35;170;20;;;;
1010;35;180;20;;;;
1011;35;190;20;;;;
1012;35;200;20;;;;
1013;40;100;20;;;;
1014;40;110;20;;;;
1015;40;120;20;;;;
1016;40;130;20;;;;
1017;40;140;20;;;;
1018;40;150;20;;;;
1019;40;160;20;;;;
1020;40;170;20;;;;
1021;40;180;20;;;;
1022;40;190;20;;;;
1023;40;200;20;;;;
1024;45;100;20;;;;
1025;45;110;20;;;;
1026;45;120;20;;;;
1027;45;130;20;;;;
1028;45;140;20;;;;
1029;45;150;20;;;;
1030;45;160;20;;;;
1031;45;170;20;;;;
1032;45;180;20;;;;
1033;45;190;20;;;;
1034;45;200;20;;;;
1035;50;100;20;;;;
1036;50;110;20;;;;
1037;50;120;20;;;;
1038;50;130;20;;;;
1039;50;140;20;;;;
1040;50;150;20;;;;
1041;50;160;20;;;;
1042;50;170;20;;;;
1043;50;180;20;;;;
1044;50;190;20;;;;
1045;50;200;20;;;;
1046;55;100;20;;;;
1047;55;110;20;;;;
1048;55;120;20;;;;
1049;55;130;20;;;;
1050;55;140;20;;;;
1051;55;150;20;;;;
1052;55;160;20;;;;
1053;55;170;20;;;;
1054;55;180;20;;;;
1055;55;190;20;;;;
1056;55;200;20;;;;
1057;60;100;20;;;;
1058;60;110;20;;;;
1059;60;120;20;;;;
1060;60;130;20;;;;
1061;60;140;20;;;;
1062;60;150;20;;;;
1063;60;160;20;;;;
1064;60;170;20;;;;
1065;60;180;20;;;;
1066;60;190;20;;;;
1067;60;200;20;;;;
1068;65;100;20;;;;
1069;65;110;20;;;;
1070;65;120;20;;;;
1071;65;130;20;;;;
1072;65;140;20;;;;
1073;65;150;20;;;;
1074;65;160;20;;;;
1075;65;170;20;;;;
1076;65;180;20;;;;
1077;65;190;20;;;;
1078;65;200;20;;;;
1079;70;100;20;;;;
1080;70;110;20;;;;
1081;70;120;20;;;;
1082;70;130;20;;;;
1083;70;140;20;;;;
1084;70;150;20;;;;
1085;70;160;20;;;;
1086;70;170;20;;;;
1087;70;180;20;;;;
1088;70;190;20;;;;
1089;70;200;20;;;;
1090;75;100;20;;;;
1091;75;110;20;;;;
1092;75;120;20;;;;
1093;75;130;20;;;;
1094;75;140;20;;;;
1095;75;150;20;;;;
1096;75;160;20;;;;
1097;75;170;20;;;;
1098;75;180;20;;;;
1099;75;190;20;;;;
1100;75;200;20;;;;
1101;80;100;20;;;;
1102;80;110;20;;;;
1103;80;120;20;;;;
1104;80;130;20;;;;
1105;80;140;20;;;;
1106;80;150;20;;;;
1107;80;160;20;;;;
1108;80;170;20;;;;
1109;80;180;20;;;;
1110;80;190;20;;;;
1111;80;200;20;;;;
1112;85;100;20;;;;
1113;85;110;20;;;;
1114;85;120;20;;;;
1115;85;130;20;;;;
1116;85;140;20;;;;
1117;85;150;20;;;;
1118;85;160;20;;;;
1119;85;170;20;;;;
1120;85;180;20;;;;
1121;85;190;20;;;;
1122;85;200;20;;;;
1123;90;100;20;;;;
1124;90;110;20;;;;
1125;90;120;20;;;;
1126;90;130;20;;;;
1127;90;140;20;;;;
1128;90;150;20;;;;
1129;90;160;20;;;;
1130;90;170;20;;;;
1131;90;180;20;;;;
1132;90;190;20;;;;
1133;90;200;20;;;;
1134;95;100;20;;;;
1135;95;110;20;;;;
1136;95;120;20;;;;
1137;95;130;20;;;;
1138;95;140;20;;;;
1139;95;150;20;;;;
1140;95;160;20;;;;
1141;95;170;20;;;;
1142;95;180;20;;;;
1143;95;190;20;;;;
1144;95;200;20;;;;
1145;100;100;20;;;;
1146;100;110;20;;;;
1147;100;120;20;;;;
1148;100;130;20;;;;
1149;100;140;20;;;;
1150;100;150;20;;;;
1151;100;160;20;;;;
1152;100;170;20;;;;
1153;100;180;20;;;;
1154;100;190;20;;;;
1155;100;200;20;;;;
1156;0;100;25;;;;
1157;0;110;25;;;;
1158;0;120;25;;;;
1159;0;130;25;;;;
1160;0;140;25;;;;
1161;0;150;25;;;;
1162;0;160;25;;;;
1163;0;170;25;;;;
1164;0;180;25;;;;
1165;0;190;25;;;;
1166;0;200;25;;;;
1167;5;100;25;;;;
1168;5;110;25;;;;
1169;5;120;25;;;;
1170;5;130;25;;;;
1171;5;140;25;;;;
1172;5;150;25;;;;
1173;5;160;25;;;;
1174;5;170;25;;;;
1175;5;180;25;;;;
1176;5;190;25;;;;
1177;5;200;25;;;;
1178;10;100;25;;;;
1179;10;110;25;;;;
1180;10;120;25;;;;
1181;10;130;25;;;;
1182;10;140;25;;;;
1183;10;150;25;;;;
1184;10;160;25;;;;
1185;10;170;25;;;;
1186;10;180;25;;;;
1187;10;190;25;;;;
1188;10;200;25;;;;
1189;15;100;25;;;;
1190;15;110;25;;;;
1191;15;120;25;;;;
1192;15;130;25;;;;
1193;15;140;25;;;;
1194;15;150;25;;;;
1195;15;160;25;;;;
1196;15;170;25;;;;
1197;15;180;25;;;;
1198;15;190;25;;;;
1199;15;200;25;;;;
1200;20;100;25;;;;
1201;20;110;25;;;;
1202;20;120;25;;;;
1203;20;130;25;;;;
1204;20;140;25;;;;
1205;20;150;25;;;;
1206;20;160;25;;;;
1207;20;170;25;;;;
1208;20;180;25;;;;
1209;20;190;25;;;;
1210;20;200;25;;;;
1211;25;100;25;;;;
1212;25;110;25;;;;
1213;25;120;25;;;;
1214;25;130;25;;;;
1215;25;140;25;;;;
1216;25;150;25;;;;
1217;25;160;25;;;;
1218;25;170;25;;;;
1219;25;180;25;;;;
1220;25;190;25;;;;
1221;25;200;25;;;;
1222;30;100;25;;;;
1223;30;110;25;;;;
1224;30;120;25;;;;
1225;30;130;25;;;;
1226;30;140;25;;;;
1227;30;150;25;;;;
1228;30;160;25;;;;
1229;30;170;25;;;;
1230;30;180;25;;;;
1231;30;190;25;;;;
1232;30;200;25;;;;
1233;35;100;25;;;;
1234;35;110;25;;;;
1235;35;120;25;;;;
1236;35;130;25;;;;
1237;35;140;25;;;;
1238;35;150;25;;;;
1239;35;160;25;;;;
1240;35;170;25;;;;
1241;35;180;25;;;;
1242;35;190;25;;;;
1243;35;200;25;;;;
1244;40;100;25;;;;
1245;40;110;25;;;;
1246;40;120;25;;;;
1247;40;130;25;;;;
1248;40;140;25;;;;
1249;40;150;25;;;;
1250;40;160;25;;;;
1251;40;170;25;;;;
1252;40;180;25;;;;
1253;40;190;25;;;;
1254;40;200;25;;;;
1255;45;100;25;;;;
1256;45;110;25;;;;
1257;45;120;25;;;;
1258;45;130;25;;;;
1259;45;140;25;;;;
1260;45;150;25;;;;
1261;45;160;25;;;;
1262;45;170;25;;;;
1263;45;180;25;;;;
1264;45;190;25;;;;
1265;45;200;25;;;;
1266;50;100;25;;;;
1267;50;110;25;;;;
1268;50;120;25;;;;
1269;50;130;25;;;;
1270;50;140;25;;;;
1271;50;150;25;;;;
1272;50;160;25;;;;
1273;50;170;25;;;;
1274;50;180;25;;;;
1275;50;190;25;;;;
1276;50;200;25;;;;
1277;55;100;25;;;;
1278;55;110;25;;;;
1279;55;120;25;;;;
1280;55;130;25;;;;
1281;55;140;25;;;;
1282;55;150;25;;;;
1283;55;160;25;;;;
1284;55;170;25;;;;
1285;55;180;25;;;;
1286;55;190;25;;;;
1287;55;200;25;;;;
1288;60;100;25;;;;
1289;60;110;25;;;;
1290;60;120;25;;;;
1291;60;130;25;;;;
1292;60;140;25;;;;
1293;60;150;25;;;;
1294;60;160;25;;;;
1295;60;170;25;;;;
1296;60;180;25;;;;
1297;60;190;25;;;;
1298;60;200;25;;;;
1299;65;100;25;;;;
1300;65;110;25;;;;
1301;65;120;25;;;;
1302;65;130;25;;;;
1303;65;140;25;;;;
1304;65;150;25;;;;
1305;65;160;25;;;;
1306;65;170;25;;;;
1307;65;180;25;;;;
1308;65;190;25;;;;
1309;65;200;25;;;;
1310;70;100;25;;;;
1311;70;110;25;;;;
1312;70;120;25;;;;
1313;70;130;25;;;;
1314;70;140;25;;;;
1315;70;150;25;;;;
1316;70;160;25;;;;
1317;70;170;25;;;;
1318;70;180;25;;;;
1319;70;190;25;;;;
1320;70;200;25;;;;
1321;75;100;25;;;;
1322;75;110;25;;;;
1323;75;120;25;;;;
1324;75;130;25;;;;
1325;75;140;25;;;;
1326;75;150;25;;;;
1327;75;160;25;;;;
1328;75;170;25;;;;
1329;75;180;25;;;;
1330;75;190;25;;;;
1331;75;200;25;;;;
1332;80;100;25;;;;
1333;80;110;25;;;;
1334;80;120;25;;;;
1335;80;130;25;;;;
1336;80;140;25;;;;
1337;80;150;25;;;;
1338;80;160;25;;;;
1339;80;170;25;;;;
1340;80;180;25;;;;
1341;80;190;25;;;;
1342;80;200;25;;;;
1343;85;100;25;;;;
1344;85;110;25;;;;
1345;85;120;25;;;;
1346;85;130;25;;;;
1347;85;140;25;;;;
1348;85;150;25;;;;
1349;85;160;25;;;;
1350;85;170;25;;;;
1351;85;180;25;;;;
1352;85;190;25;;;;
1353;85;200;25;;;;
1354;90;100;25;;;;
1355;90;110;25;;;;
1356;90;120;25;;;;
1357;90;130;25;;;;
1358;90;140;25;;;;
1359;90;150;25;;;;
1360;90;160;25;;;;
1361;90;170;25;;;;
1362;90;180;25;;;;
1363;90;190;25;;;;
1364;90;200;25;;;;
1365;95;100;25;;;;
1366;95;110;25;;;;
1367;95;120;25;;;;
1368;95;130;25;;;;
1369;95;140;25;;;;
1370;95;150;25;;;;
1371;95;160;25;;;;
1372;95;170;25;;;;
1373;95;180;25;;;;
1374;95;190;25;;;;
1375;95;200;25;;;;
1376;100;100;25;;;;
1377;100;110;25;;;;
1378;100;120;25;;;;
1379;100;130;25;;;;
1380;100;140;25;;;;
1381;100;150;25;;;;
1382;100;160;25;;;;
1383;100;170;25;;;;
1384;100;180;25;;;;
1385;100;190;25;;;;
1386;100;200;25;;;;
1387;0;100;30;;;;
1388;0;110;30;;;;
1389;0;120;30;;;;
1390;0;130;30;;;;
1391;0;140;30;;;;
1392;0;150;30;;;;
1393;0;160;30;;;;
1394;0;170;30;;;;
1395;0;180;30;;;;
1396;0;190;30;;;;
1397;0;200;30;;;;
1398;5;100;30;;;;
1399;5;110;30;;;;
1400;5;120;30;;;;
1401;5;130;30;;;;
1402;5;140;30;;;;
1403;5;150;30;;;;
1404;5;160;30;;;;
1405;5;170;30;;;;
1406;5;180;30;;;;
1407;5;190;30;;;;
1408;5;200;30;;;;
1409;10;100;30;;;;
1410;10;110;30;;;;
1411;10;120;30;;;;
1412;10;130;30;;;;
1413;10;140;30;;;;
1414;10;150;30;;;;
1415;10;160;30;;;;
1416;10;170;30;;;;
1417;10;180;30;;;;
1418;10;190;30;;;;
1419;10;200;30;;;;
1420;15;100;30;;;;
1421;15;110;30;;;;
1422;15;120;30;;;;
1423;15;130;30;;;;
1424;15;140;30;;;;
1425;15;150;30;;;;
1426;15;160;30;;;;
1427;15;170;30;;;;
1428;15;180;30;;;;
1429;15;190;30;;;;
1430;15;200;30;;;;
1431;20;100;30;;;;
1432;20;110;30;;;;
1433;20;120;30;;;;
1434;20;130;30;;;;
1435;20;140;30;;;;
1436;20;150;30;;;;
1437;20;160;30;;;;
1438;20;170;30;;;;
1439;20;180;30;;;;
1440;20;190;30;;;;
1441;20;200;30;;;;
1442;25;100;30;;;;
1443;25;110;30;;;;
1444;25;120;30;;;;
1445;25;130;30;;;;
1446;25;140;30;;;;
1447;25;150;30;;;;
1448;25;160;30;;;;
1449;25;170;30;;;;
1450;25;180;30;;;;
1451;25;190;30;;;;
1452;25;200;30;;;;
1453;30;100;30;;;;
1454;30;110;30;;;;
1455;30;120;30;;;;
1456;30;130;30;;;;
1457;30;140;30;;;;
1458;30;150;30;;;;
1459;30;160;30;;;;
1460;30;170;30;;;;
1461;30;180;30;;;;
1462;30;190;30;;;;
1463;30;200;30;;;;
1464;35;100;30;;;;
1465;35;110;30;;;;
1466;35;120;30;;;;
1467;35;130;30;;;;
1468;35;140;30;;;;
1469;35;150;30;;;;
1470;35;160;30;;;;
1471;35;170;30;;;;
1472;35;180;30;;;;
1473;35;190;30;;;;
1474;35;200;30;;;;
1475;40;100;30;;;;
1476;40;110;30;;;;
1477;40;120;30;;;;
1478;40;130;30;;;;
1479;40;140;30;;;;
1480;40;150;30;;;;
1481;40;160;30;;;;
1482;40;170;30;;;;
1483;40;180;30;;;;
1484;40;190;30;;;;
1485;40;200;30;;;;
1486;45;100;30;;;;
1487;45;110;30;;;;
1488;45;120;30;;;;
1489;45;130;30;;;;
1490;45;140;30;;;;
1491;45;150;30;;;;
1492;45;160;30;;;;
1493;45;170;30;;;;
1494;45;180;30;;;;
1495;45;190;30;;;;
1496;45;200;30;;;;
1497;50;100;30;;;;
1498;50;110;30;;;;
1499;50;120;30;;;;
1500;50;130;30;;;;
1501;50;140;30;;;;
1502;50;150;30;;;;
1503;50;160;30;;;;
1504;50;170;30;;;;
1505;50;180;30;;;;
1506;50;190;30;;;;
1507;50;200;30;;;;
1508;55;100;30;;;;
1509;55;110;30;;;;
1510;55;120;30;;;;
1511;55;130;30;;;;
1512;55;140;30;;;;
1513;55;150;30;;;;
1514;55;160;30;;;;
1515;55;170;30;;;;
1516;55;180;30;;;;
1517;55;190;30;;;;
1518;55;200;30;;;;
1519;60;100;30;;;;
1520;60;110;30;;;;
1521;60;120;30;;;;
1522;60;130;30;;;;
1523;60;140;30;;;;
1524;60;150;30;;;;
1525;60;160;30;;;;
1526;60;170;30;;;;
1527;60;180;30;;;;
1528;60;190;30;;;;
1529;60;200;30;;;;
1530;65;100;30;;;;
1531;65;110;30;;;;
1532;65;120;30;;;;
1533;65;130;30;;;;
1534;65;140;30;;;;
1535;65;150;30;;;;
1536;65;160;30;;;;
1537;65;170;30;;;;
1538;65;180;30;;;;
1539;65;190;30;;;;
1540;65;200;30;;;;
1541;70;100;30;;;;
1542;70;110;30;;;;
1543;70;120;30;;;;
1544;70;130;30;;;;
1545;70;140;30;;;;
1546;70;150;30;;;;
1547;70;160;30;;;;
1548;70;170;30;;;;
1549;70;180;30;;;;
1550;70;190;30;;;;
1551;70;200;30;;;;
1552;75;100;30;;;;
1553;75;110;30;;;;
1554;75;120;30;;;;
1555;75;130;30;;;;
1556;75;140;30;;;;
1557;75;150;30;;;;
1558;75;160;30;;;;
1559;75;170;30;;;;
1560;75;180;30;;;;
1561;75;190;30;;;;
1562;75;200;30;;;;
1563;80;100;30;;;;
1564;80;110;30;;;;
1565;80;120;30;;;;
1566;80;130;30;;;;
1567;80;140;30;;;;
1568;80;150;30;;;;
1569;80;160;30;;;;
1570;80;170;30;;;;
1571;80;180;30;;;;
1572;80;190;30;;;;
1573;80;200;30;;;;
1574;85;100;30;;;;
1575;85;110;30;;;;
1576;85;120;30;;;;
1577;85;130;30;;;;
1578;85;140;30;;;;
1579;85;150;30;;;;
1580;85;160;30;;;;
1581;85;170;30;;;;
1582;85;180;30;;;;
1583;85;190;30;;;;
1584;85;200;30;;;;
1585;90;100;30;;;;
1586;90;110;30;;;;
1587;90;120;30;;;;
1588;90;130;30;;;;
1589;90;140;30;;;;
1590;90;150;30;;;;
1591;90;160;30;;;;
1592;90;170;30;;;;
1593;90;180;30;;;;
1594;90;190;30;;;;
1595;90;200;30;;;;
1596;95;100;30;;;;
1597;95;110;30;;;;
1598;95;120;30;;;;
1599;95;130;30;;;;
1600;95;140;30;;;;
1601;95;150;30;;;;
1602;95;160;30;;;;
1603;95;170;30;;;;
1604;95;180;30;;;;
1605;95;190;30;;;;
1606;95;200;30;;;;
1607;100;100;30;;;;
1608;100;110;30;;;;
1609;100;120;30;;;;
1610;100;130;30;;;;
1611;100;140;30;;;;
1612;100;150;30;;;;
1613;100;160;30;;;;
1614;100;170;30;;;;
1615;100;180;30;;;;
1616;100;190;30;;;;
1617;100;200;30;;;;
1618;0;100;35;;;;
1619;0;110;35;;;;
1620;0;120;35;;;;
1621;0;130;35;;;;
1622;0;140;35;;;;
1623;0;150;35;;;;
1624;0;160;35;;;;
1625;0;170;35;;;;
1626;0;180;35;;;;
1627;0;190;35;;;;
1628;0;200;35;;;;
1629;5;100;35;;;;
1630;5;110;35;;;;
1631;5;120;35;;;;
1632;5;130;35;;;;
1633;5;140;35;;;;
1634;5;150;35;;;;
1635;5;160;35;;;;
1636;5;170;35;;;;
1637;5;180;35;;;;
1638;5;190;35;;;;
1639;5;200;35;;;;
1640;10;100;35;;;;
1641;10;110;35;;;;
1642;10;120;35;;;;
1643;10;130;35;;;;
1644;10;140;35;;;;
1645;10;150;35;;;;
1646;10;160;35;;;;
1647;10;170;35;;;;
1648;10;180;35;;;;
1649;10;190;35;;;;
1650;10;200;35;;;;
1651;15;100;35;;;;
1652;15;110;35;;;;
1653;15;120;35;;;;
1654;15;130;35;;;;
1655;15;140;35;;;;
1656;15;150;35;;;;
1657;15;160;35;;;;
1658;15;170;35;;;;
1659;15;180;35;;;;
1660;15;190;35;;;;
1661;15;200;35;;;;
1662;20;100;35;;;;
1663;20;110;35;;;;
1664;20;120;35;;;;
1665;20;130;35;;;;
1666;20;140;35;;;;
1667;20;150;35;;;;
1668;20;160;35;;;;
1669;20;170;35;;;;
1670;20;180;35;;;;
1671;20;190;35;;;;
1672;20;200;35;;;;
1673;25;100;35;;;;
1674;25;110;35;;;;
1675;25;120;35;;;;
1676;25;130;35;;;;
1677;25;140;35;;;;
1678;25;150;35;;;;
1679;25;160;35;;;;
1680;25;170;35;;;;
1681;25;180;35;;;;
1682;25;190;35;;;;
1683;25;200;35;;;;
1684;30;100;35;;;;
1685;30;110;35;;;;
1686;30;120;35;;;;
1687;30;130;35;;;;
1688;30;140;35;;;;
1689;30;150;35;;;;
1690;30;160;35;;;;
1691;30;170;35;;;;
1692;30;180;35;;;;
1693;30;190;35;;;;
1694;30;200;35;;;;
1695;35;100;35;;;;
1696;35;110;35;;;;
1697;35;120;35;;;;
1698;35;130;35;;;;
1699;35;140;35;;;;
1700;35;150;35;;;;
1701;35;160;35;;;;
1702;35;170;35;;;;
1703;35;180;35;;;;
1704;35;190;35;;;;
1705;35;200;35;;;;
1706;40;100;35;;;;
1707;40;110;35;;;;
1708;40;120;35;;;;
1709;40;130;35;;;;
1710;40;140;35;;;;
1711;40;150;35;;;;
1712;40;160;35;;;;
1713;40;170;35;;;;
1714;40;180;35;;;;
1715;40;190;35;;;;
1716;40;200;35;;;;
1717;45;100;35;;;;
1718;45;110;35;;;;
1719;45;120;35;;;;
1720;45;130;35;;;;
1721;45;140;35;;;;
1722;45;150;35;;;;
1723;45;160;35;;;;
1724;45;170;35;;;;
1725;45;180;35;;;;
1726;45;190;35;;;;
1727;45;200;35;;;;
1728;50;100;35;;;;
1729;50;110;35;;;;
1730;50;120;35;;;;
1731;50;130;35;;;;
1732;50;140;35;;;;
1733;50;150;35;;;;
1734;50;160;35;;;;
1735;50;170;35;;;;
1736;50;180;35;;;;
1737;50;190;35;;;;
1738;50;200;35;;;;
1739;55;100;35;;;;
1740;55;110;35;;;;
1741;55;120;35;;;;
1742;55;130;35;;;;
1743;55;140;35;;;;
1744;55;150;35;;;;
1745;55;160;35;;;;
1746;55;170;35;;;;
1747;55;180;35;;;;
1748;55;190;35;;;;
1749;55;200;35;;;;
1750;60;100;35;;;;
1751;60;110;35;;;;
1752;60;120;35;;;;
1753;60;130;35;;;;
1754;60;140;35;;;;
1755;60;150;35;;;;
1756;60;160;35;;;;
1757;60;170;35;;;;
1758;60;180;35;;;;
1759;60;190;35;;;;
1760;60;200;35;;;;
1761;65;100;35;;;;
1762;65;110;35;;;;
1763;65;120;35;;;;
1764;65;130;35;;;;
1765;65;140;35;;;;
1766;65;150;35;;;;
1767;65;160;35;;;;
1768;65;170;35;;;;
1769;65;180;35;;;;
1770;65;190;35;;;;
1771;65;200;35;;;;
1772;70;100;35;;;;
1773;70;110;35;;;;
1774;70;120;35;;;;
1775;70;130;35;;;;
1776;70;140;35;;;;
1777;70;150;35;;;;
1778;70;160;35;;;;
1779;70;170;35;;;;
1780;70;180;35;;;;
1781;70;190;35;;;;
1782;70;200;35;;;;
1783;75;100;35;;;;
1784;75;110;35;;;;
1785;75;120;35;;;;
1786;75;130;35;;;;
1787;75;140;35;;;;
1788;75;150;35;;;;
1789;75;160;35;;;;
1790;75;170;35;;;;
1791;75;180;35;;;;
1792;75;190;35;;;;
1793;75;200;35;;;;
1794;80;100;35;;;;
1795;80;110;35;;;;
1796;80;120;35;;;;
1797;80;130;35;;;;
1798;80;140;35;;;;
1799;80;150;35;;;;
1800;80;160;35;;;;
1801;80;170;35;;;;
1802;80;180;35;;;;
1803;80;190;35;;;;
1804;80;200;35;;;;
1805;85;100;35;;;;
1806;85;110;35;;;;
1807;85;120;35;;;;
1808;85;130;35;;;;
1809;85;140;35;;;;
1810;85;150;35;;;;
1811;85;160;35;;;;
1812;85;170;35;;;;
1813;85;180;35;;;;
1814;85;190;35;;;;
1815;85;200;35;;;;
1816;90;100;35;;;;
1817;90;110;35;;;;
1818;90;120;35;;;;
1819;90;130;35;;;;
1820;90;140;35;;;;
1821;90;150;35;;;;
1822;90;160;35;;;;
1823;90;170;35;;;;
1824;90;180;35;;;;
1825;90;190;35;;;;
1826;90;200;35;;;;
1827;95;100;35;;;;
1828;95;110;35;;;;
1829;95;120;35;;;;
1830;95;130;35;;;;
1831;95;140;35;;;;
1832;95;150;35;;;;
1833;95;160;35;;;;
1834;95;170;35;;;;
1835;95;180;35;;;;
1836;95;190;35;;;;
1837;95;200;35;;;;
1838;100;100;35;;;;
1839;100;110;35;;;;
1840;100;120;35;;;;
1841;100;130;35;;;;
1842;100;140;35;;;;
1843;100;150;35;;;;
1844;100;160;35;;;;
1845;100;170;35;;;;
1846;100;180;35;;;;
1847;100;190;35;;;;
1848;100;200;35;;;;
1849;0;100;40;;;;
1850;0;110;40;;;;
1851;0;120;40;;;;
1852;0;130;40;;;;
1853;0;140;40;;;;
1854;0;150;40;;;;
1855;0;160;40;;;;
1856;0;170;40;;;;
1857;0;180;40;;;;
1858;0;190;40;;;;
1859;0;200;40;;;;
1860;5;100;40;;;;
1861;5;110;40;;;;
1862;5;120;40;;;;
1863;5;130;40;;;;
1864;5;140;40;;;;
1865;5;150;40;;;;
1866;5;160;40;;;;
1867;5;170;40;;;;
1868;5;180;40;;;;
1869;5;190;40;;;;
1870;5;200;40;;;;
1871;10;100;40;;;;
1872;10;110;40;;;;
1873;10;120;40;;;;
1874;10;130;40;;;;
1875;10;140;40;;;;
1876;10;150;40;;;;
1877;10;160;40;;;;
1878;10;170;40;;;;
1879;10;180;40;;;;
1880;10;190;40;;;;
1881;10;200;40;;;;
1882;15;100;40;;;;
1883;15;110;40;;;;
1884;15;120;40;;;;
1885;15;130;40;;;;
1886;15;140;40;;;;
1887;15;150;40;;;;
1888;15;160;40;;;;
1889;15;170;40;;;;
1890;15;180;40;;;;
1891;15;190;40;;;;
1892;15;200;40;;;;
1893;20;100;40;;;;
1894;20;110;40;;;;
1895;20;120;40;;;;
1896;20;130;40;;;;
1897;20;140;40;;;;
1898;20;150;40;;;;
1899;20;160;40;;;;
1900;20;170;40;;;;
1901;20;180;40;;;;
1902;20;190;40;;;;
1903;20;200;40;;;;
1904;25;100;40;;;;
1905;25;110;40;;;;
1906;25;120;40;;;;
1907;25;130;40;;;;
1908;25;140;40;;;;
1909;25;150;40;;;;
1910;25;160;40;;;;
1911;25;170;40;;;;
1912;25;180;40;;;;
1913;25;190;40;;;;
1914;25;200;40;;;;
1915;30;100;40;;;;
1916;30;110;40;;;;
1917;30;120;40;;;;
1918;30;130;40;;;;
1919;30;140;40;;;;
1920;30;150;40;;;;
1921;30;160;40;;;;
1922;30;170;40;;;;
1923;30;180;40;;;;
1924;30;190;40;;;;
1925;30;200;40;;;;
1926;35;100;40;;;;
1927;35;110;40;;;;
1928;35;120;40;;;;
1929;35;130;40;;;;
1930;35;140;40;;;;
1931;35;150;40;;;;
1932;35;160;40;;;;
1933;35;170;40;;;;
1934;35;180;40;;;;
1935;35;190;40;;;;
1936;35;200;40;;;;
1937;40;100;40;;;;
1938;40;110;40;;;;
1939;40;120;40;;;;
1940;40;130;40;;;;
1941;40;140;40;;;;
1942;40;150;40;;;;
1943;40;160;40;;;;
1944;40;170;40;;;;
1945;40;180;40;;;;
1946;40;190;40;;;;
1947;40;200;40;;;;
1948;45;100;40;;;;
1949;45;110;40;;;;
1950;45;120;40;;;;
1951;45;130;40;;;;
1952;45;140;40;;;;
1953;45;150;40;;;;
1954;45;160;40;;;;
1955;45;170;40;;;;
1956;45;180;40;;;;
1957;45;190;40;;;;
1958;45;200;40;;;;
1959;50;100;40;;;;
1960;50;110;40;;;;
1961;50;120;40;;;;
1962;50;130;40;;;;
1963;50;140;40;;;;
1964;50;150;40;;;;
1965;50;160;40;;;;
1966;50;170;40;;;;
1967;50;180;40;;;;
1968;50;190;40;;;;
1969;50;200;40;;;;
1970;55;100;40;;;;
1971;55;110;40;;;;
1972;55;120;40;;;;
1973;55;130;40;;;;
1974;55;140;40;;;;
1975;55;150;40;;;;
1976;55;160;40;;;;
1977;55;170;40;;;;
1978;55;180;40;;;;
1979;55;190;40;;;;
1980;55;200;40;;;;
1981;60;100;40;;;;
1982;60;110;40;;;;
1983;60;120;40;;;;
1984;60;130;40;;;;
1985;60;140;40;;;;
1986;60;150;40;;;;
1987;60;160;40;;;;
1988;60;170;40;;;;
1989;60;180;40;;;;
1990;60;190;40;;;;
1991;60;200;40;;;;
1992;65;100;40;;;;
1993;65;110;40;;;;
1994;65;120;40;;;;
1995;65;130;40;;;;
1996;65;140;40;;;;
1997;65;150;40;;;;
1998;65;160;40;;;;
1999;65;170;40;;;;
